[
  {
    "value": "american cheese",
    "synonyms": [
      "american cheese",
      "american"
    ]
  },
  {
    "value": "cheddar cheese",
    "synonyms": [
      "cheddar cheese",
      "cheddar"
    ]
  },
  {
    "value": "shredded provolone cheese",
    "synonyms": [
      "shredded provolone cheese",
      "shredded provolone",
      "shredded",
      "provolone"
    ]
  },
  {
    "value": "mozzarella cheese",
    "synonyms": [
      "mozzarella cheese",
      "mozzarella"
    ]
  },
  {
    "value": "feta cheese",
    "synonyms": [
      "feta cheese",
      "feta"
    ]
  },
  {
    "value": "parmesan asiago cheese",
    "synonyms": [
      "parmesan asiago cheese",
      "parmesan asiago",
      "parmesan",
      "asiago"
    ]
  }
]