[
  {
    "value": "hand tossed",
    "synonyms": [
      "hand tossed",
      "hand",
      "tossed"
    ]
  },
  {
    "value": "Gluten Free",
    "synonyms": [
      "Gluten Free",
      "gluten",
      "free"
    ]
  },
  {
    "value": "Brooklyn Style",
    "synonyms": [
      "Brooklyn Style",
      "brooklyn",
      "style"
    ]
  },
  {
    "value": "Homemade Pan",
    "synonyms": [
      "Homemade Pan",
      "homemade",
      "pan"
    ]
  },
  {
    "value": "Crunchy Thin",
    "synonyms": [
      "Crunchy Thin",
      "thin",
      "crunchy"
    ]
  }
]