[
  {
    "value": "beef",
    "synonyms": [
      "beef"
    ]
  },
  {
    "value": "ham",
    "synonyms": [
      "ham"
    ]
  },
  {
    "value": "bacon",
    "synonyms": [
      "bacon"
    ]
  },
  {
    "value": "pepperoni",
    "synonyms": [
      "pepperoni"
    ]
  },
  {
    "value": "italian sausage",
    "synonyms": [
      "italian sausage",
      "italian",
      "sausage"
    ]
  },
  {
    "value": "steak",
    "synonyms": [
      "steak"
    ]
  },
  {
    "value": "salami",
    "synonyms": [
      "salami"
    ]
  },
  {
    "value": "chicken",
    "synonyms": [
      "chicken"
    ]
  }
]