[
  {
    "value": "green peppers",
    "synonyms": [
      "green peppers",
      "green"
    ]
  },
  {
    "value": "jalapeno peppers",
    "synonyms": [
      "jalapeno peppers",
      "jalapeno"
    ]
  },
  {
    "value": "mushrooms",
    "synonyms": [
      "mushrooms",
      "mushroom"
    ]
  },
  {
    "value": "pineapple",
    "synonyms": [
      "pineapple"
    ]
  },
  {
    "value": "onions",
    "synonyms": [
      "onions"
    ]
  },
  {
    "value": "diced tomatoes",
    "synonyms": [
      "diced tomatoes",
      "tomatoes",
      "diced"
    ]
  },
  {
    "value": "banana peppers",
    "synonyms": [
      "banana peppers",
      "banana"
    ]
  },
  {
    "value": "roasted red peppers",
    "synonyms": [
      "roasted red peppers",
      "red",
      "roasted red",
      "roasted"
    ]
  },
  {
    "value": "spinach",
    "synonyms": [
      "spinach"
    ]
  },
  {
    "value": "garlic",
    "synonyms": [
      "garlic"
    ]
  },
  {
    "value": "black olives",
    "synonyms": [
      "black olives"
    ]
  }
]