[
  {
    "id": "297565e1-06d7-473f-afe6-5b01176f60ce",
    "data": [
      {
        "text": "8\"",
        "meta": "@size",
        "alias": "size",
        "userDefined": false
      },
      {
        "text": " size please",
        "userDefined": false
      }
    ],
    "isTemplate": false,
    "count": 0,
    "lang": "en",
    "updated": 0
  },
  {
    "id": "7d537926-73df-48c6-8604-e955c7f65a3b",
    "data": [
      {
        "text": "4\"",
        "meta": "@size",
        "alias": "size",
        "userDefined": false
      },
      {
        "text": " please",
        "userDefined": false
      }
    ],
    "isTemplate": false,
    "count": 0,
    "lang": "en",
    "updated": 0
  },
  {
    "id": "d3079734-0852-4ae1-a62f-fe4c3c1f3237",
    "data": [
      {
        "text": "4",
        "meta": "@size",
        "alias": "size",
        "userDefined": false
      }
    ],
    "isTemplate": false,
    "count": 0,
    "lang": "en",
    "updated": 0
  },
  {
    "id": "c86f24fe-f066-4a19-b838-b8a27bfc8f1a",
    "data": [
      {
        "text": "a ",
        "userDefined": false
      },
      {
        "text": "6 inch",
        "meta": "@size",
        "alias": "size",
        "userDefined": false
      }
    ],
    "isTemplate": false,
    "count": 0,
    "lang": "en",
    "updated": 0
  },
  {
    "id": "8fff5768-b1b5-4fbb-83fd-863f7df82ab0",
    "data": [
      {
        "text": "a ",
        "userDefined": false
      },
      {
        "text": "lrg",
        "meta": "@size",
        "alias": "size",
        "userDefined": false
      },
      {
        "text": " pls",
        "userDefined": false
      }
    ],
    "isTemplate": false,
    "count": 0,
    "lang": "en",
    "updated": 0
  },
  {
    "id": "ec7b11d7-d9b1-40d0-ad4a-20c957184461",
    "data": [
      {
        "text": "a ",
        "userDefined": false
      },
      {
        "text": "med",
        "meta": "@size",
        "alias": "size",
        "userDefined": false
      },
      {
        "text": " pls",
        "userDefined": false
      }
    ],
    "isTemplate": false,
    "count": 0,
    "lang": "en",
    "updated": 0
  },
  {
    "id": "4e5582d0-2492-43fc-8672-0d2b95724987",
    "data": [
      {
        "text": "a ",
        "userDefined": false
      },
      {
        "text": "sml",
        "meta": "@size",
        "alias": "size",
        "userDefined": false
      },
      {
        "text": " pls",
        "userDefined": false
      }
    ],
    "isTemplate": false,
    "count": 0,
    "lang": "en",
    "updated": 0
  },
  {
    "id": "c99f78f3-28e8-4e6a-a092-86ee54f1b7d7",
    "data": [
      {
        "text": "a ",
        "userDefined": false
      },
      {
        "text": "large",
        "meta": "@size",
        "alias": "size",
        "userDefined": false
      },
      {
        "text": " pizza please",
        "userDefined": false
      }
    ],
    "isTemplate": false,
    "count": 0,
    "lang": "en",
    "updated": 0
  },
  {
    "id": "55ef2f4b-f220-418f-8fb4-afe777a040af",
    "data": [
      {
        "text": "a ",
        "userDefined": false
      },
      {
        "text": "medium",
        "meta": "@size",
        "alias": "size",
        "userDefined": false
      },
      {
        "text": " pizza",
        "userDefined": false
      }
    ],
    "isTemplate": false,
    "count": 0,
    "lang": "en",
    "updated": 0
  },
  {
    "id": "30df2652-e3d9-4e4b-bd96-422820b7ed8c",
    "data": [
      {
        "text": "a ",
        "userDefined": false
      },
      {
        "text": "small",
        "meta": "@size",
        "alias": "size",
        "userDefined": false
      },
      {
        "text": " pizza please",
        "userDefined": false
      }
    ],
    "isTemplate": false,
    "count": 0,
    "lang": "en",
    "updated": 0
  }
]