[
  {
    "id": "408d78a5-4d38-4b1d-b9c7-e7ece8467169",
    "data": [
      {
        "text": "green peppers",
        "meta": "@veggies",
        "alias": "veggies",
        "userDefined": false
      },
      {
        "text": "\n ,",
        "userDefined": false
      },
      {
        "text": "jalapeno peppers",
        "meta": "@veggies",
        "alias": "veggies",
        "userDefined": false
      },
      {
        "text": ",\n ",
        "userDefined": false
      },
      {
        "text": "mushroom",
        "meta": "@veggies",
        "alias": "veggies",
        "userDefined": false
      },
      {
        "text": "\n  and ",
        "userDefined": false
      },
      {
        "text": "pineapple",
        "meta": "@veggies",
        "alias": "veggies",
        "userDefined": false
      }
    ],
    "isTemplate": false,
    "count": 0,
    "lang": "en",
    "updated": 0
  },
  {
    "id": "058d6902-76e0-4382-bbc1-b6ee632bc740",
    "data": [
      {
        "text": "spinach",
        "meta": "@veggies",
        "alias": "veggies",
        "userDefined": false
      },
      {
        "text": "\n and ",
        "userDefined": false
      },
      {
        "text": "garlic",
        "meta": "@veggies",
        "alias": "veggies",
        "userDefined": false
      }
    ],
    "isTemplate": false,
    "count": 0,
    "lang": "en",
    "updated": 0
  },
  {
    "id": "2c5dd514-7e6f-4709-aa9e-62b2a2b8dd9c",
    "data": [
      {
        "text": "roasted red peppers",
        "meta": "@veggies",
        "alias": "veggies",
        "userDefined": false
      }
    ],
    "isTemplate": false,
    "count": 0,
    "lang": "en",
    "updated": 0
  },
  {
    "id": "522e1c7f-e628-4a5b-9acf-d864c325a7f8",
    "data": [
      {
        "text": "Banana peppers",
        "meta": "@veggies",
        "alias": "veggies",
        "userDefined": false
      }
    ],
    "isTemplate": false,
    "count": 0,
    "lang": "en",
    "updated": 0
  },
  {
    "id": "08f32729-0b88-49b1-aca1-c90875203897",
    "data": [
      {
        "text": "black olives",
        "meta": "@veggies",
        "alias": "veggies",
        "userDefined": false
      }
    ],
    "isTemplate": false,
    "count": 0,
    "lang": "en",
    "updated": 0
  },
  {
    "id": "a80dc5da-ae1c-4953-94e8-da43184d38fc",
    "data": [
      {
        "text": "onions",
        "meta": "@veggies",
        "alias": "veggies",
        "userDefined": false
      }
    ],
    "isTemplate": false,
    "count": 0,
    "lang": "en",
    "updated": 0
  },
  {
    "id": "adbf4274-52a1-420a-b482-6e560336f945",
    "data": [
      {
        "text": "garlic",
        "meta": "@veggies",
        "alias": "veggies",
        "userDefined": false
      }
    ],
    "isTemplate": false,
    "count": 0,
    "lang": "en",
    "updated": 0
  },
  {
    "id": "c8fd6ed9-5299-4f40-a4d8-70d43a938113",
    "data": [
      {
        "text": "green peppers",
        "meta": "@veggies",
        "alias": "veggies",
        "userDefined": false
      }
    ],
    "isTemplate": false,
    "count": 0,
    "lang": "en",
    "updated": 0
  },
  {
    "id": "d04036a1-38bf-4b00-9b6b-fde300608842",
    "data": [
      {
        "text": "mushroom",
        "meta": "@veggies",
        "alias": "veggies",
        "userDefined": false
      }
    ],
    "isTemplate": false,
    "count": 0,
    "lang": "en",
    "updated": 0
  }
]