[
  {
    "id": "adb7ed39-08b9-4441-a08d-bb716ad0bc2f",
    "data": [
      {
        "text": "pan",
        "meta": "@crust",
        "alias": "crust",
        "userDefined": false
      },
      {
        "text": " pls",
        "userDefined": false
      }
    ],
    "isTemplate": false,
    "count": 0,
    "lang": "en",
    "updated": 0
  },
  {
    "id": "02a5bf2a-22ca-4a9a-a31b-6c1d3c3560d5",
    "data": [
      {
        "text": "thin",
        "meta": "@crust",
        "alias": "crust",
        "userDefined": false
      },
      {
        "text": " please",
        "userDefined": false
      }
    ],
    "isTemplate": false,
    "count": 0,
    "lang": "en",
    "updated": 0
  },
  {
    "id": "2d6c9700-706b-4f18-ab4a-ea563b5af583",
    "data": [
      {
        "text": "Crunchy Thin",
        "meta": "@crust",
        "alias": "crust",
        "userDefined": false
      },
      {
        "text": " crust please",
        "userDefined": false
      }
    ],
    "isTemplate": false,
    "count": 0,
    "lang": "en",
    "updated": 0
  },
  {
    "id": "cb00f0c8-90a5-49fe-925f-d4d6f111555b",
    "data": [
      {
        "text": "Brooklyn Style",
        "meta": "@crust",
        "alias": "crust",
        "userDefined": false
      },
      {
        "text": " please",
        "userDefined": false
      }
    ],
    "isTemplate": false,
    "count": 0,
    "lang": "en",
    "updated": 0
  },
  {
    "id": "ca0fdde4-4784-4ed9-a1ff-d944b63933ca",
    "data": [
      {
        "text": "hand tossed",
        "meta": "@crust",
        "alias": "crust",
        "userDefined": false
      }
    ],
    "isTemplate": false,
    "count": 0,
    "lang": "en",
    "updated": 0
  },
  {
    "id": "6a53b6f1-c412-4bf2-b924-3f2b02066168",
    "data": [
      {
        "text": "gluten free",
        "meta": "@crust",
        "alias": "crust",
        "userDefined": false
      }
    ],
    "isTemplate": false,
    "count": 0,
    "lang": "en",
    "updated": 0
  },
  {
    "id": "dbe80157-8bd5-452f-ba57-7d957a48a50a",
    "data": [
      {
        "text": "homemade",
        "meta": "@crust",
        "alias": "crust",
        "userDefined": false
      },
      {
        "text": " please",
        "userDefined": false
      }
    ],
    "isTemplate": false,
    "count": 0,
    "lang": "en",
    "updated": 0
  }
]