[
  {
    "id": "d4ba7811-8316-44a6-91f6-5e5e1dc9d369",
    "data": [
      {
        "text": "parmesan asiago",
        "meta": "@cheese",
        "alias": "cheese",
        "userDefined": false
      }
    ],
    "isTemplate": false,
    "count": 0,
    "lang": "en",
    "updated": 0
  },
  {
    "id": "02d57d71-7a04-427d-9615-052e9c51659d",
    "data": [
      {
        "text": "mozzarella",
        "meta": "@cheese",
        "alias": "cheese",
        "userDefined": false
      },
      {
        "text": "  please",
        "userDefined": false
      }
    ],
    "isTemplate": false,
    "count": 0,
    "lang": "en",
    "updated": 0
  },
  {
    "id": "daa0f6c5-d122-4999-b704-f2e4072d17e5",
    "data": [
      {
        "text": "shredded provolone cheese",
        "meta": "@cheese",
        "alias": "cheese",
        "userDefined": false
      },
      {
        "text": " pls",
        "userDefined": false
      }
    ],
    "isTemplate": false,
    "count": 0,
    "lang": "en",
    "updated": 0
  },
  {
    "id": "845e3914-4734-40aa-a02b-a8da17f2973a",
    "data": [
      {
        "text": "cheddar cheese",
        "meta": "@cheese",
        "alias": "cheese",
        "userDefined": false
      }
    ],
    "isTemplate": false,
    "count": 0,
    "lang": "en",
    "updated": 0
  },
  {
    "id": "14b05033-ca39-40bc-9a56-b828c82f1fdd",
    "data": [
      {
        "text": "american cheese",
        "meta": "@cheese",
        "alias": "cheese",
        "userDefined": false
      }
    ],
    "isTemplate": false,
    "count": 0,
    "lang": "en",
    "updated": 0
  },
  {
    "id": "57944eef-2d50-492d-a791-f4233a233905",
    "data": [
      {
        "text": "feta",
        "meta": "@cheese",
        "alias": "cheese",
        "userDefined": false
      }
    ],
    "isTemplate": false,
    "count": 0,
    "lang": "en",
    "updated": 0
  }
]